{"AdaBoost [Max Depth 3]": {"fpr": [0.0, 0.010101010101010105, 0.02020202020202021, 0.030303030303030283, 0.04040404040404042, 0.05050505050505055, 0.060606060606060566, 0.07070707070707076, 0.08080808080808084, 0.09090909090909087, 0.1010101010101011, 0.11111111111111115, 0.12121212121212113, 0.13131313131313138, 0.14141414141414152, 0.15151515151515146, 0.16161616161616169, 0.17171717171717188, 0.18181818181818174, 0.19191919191919202, 0.2020202020202022, 0.212121212121212, 0.2222222222222223, 0.2323232323232325, 0.24242424242424226, 0.25252525252525254, 0.26262626262626276, 0.27272727272727276, 0.28282828282828304, 0.29292929292929293, 0.3030303030303029, 0.31313131313131315, 0.32323232323232337, 0.3333333333333334, 0.34343434343434376, 0.3535353535353534, 0.3636363636363635, 0.37373737373737376, 0.38383838383838403, 0.39393939393939403, 0.4040404040404044, 0.4141414141414139, 0.424242424242424, 0.4343434343434343, 0.4444444444444446, 0.4545454545454549, 0.464646464646465, 0.4747474747474745, 0.48484848484848453, 0.4949494949494949, 0.5050505050505051, 0.5151515151515155, 0.5252525252525255, 0.5353535353535352, 0.5454545454545455, 0.5555555555555557, 0.5656565656565661, 0.5757575757575757, 0.5858585858585859, 0.5959595959595956, 0.6060606060606059, 0.616161616161616, 0.6262626262626263, 0.6363636363636366, 0.6464646464646467, 0.6565656565656571, 0.6666666666666669, 0.6767676767676771, 0.6868686868686875, 0.6969696969696966, 0.7070707070707068, 0.7171717171717171, 0.727272727272727, 0.7373737373737371, 0.7474747474747475, 0.7575757575757577, 0.7676767676767681, 0.7777777777777782, 0.7878787878787881, 0.7979797979797985, 0.8080808080808088, 0.8181818181818175, 0.8282828282828278, 0.8383838383838382, 0.848484848484848, 0.8585858585858583, 0.8686868686868686, 0.8787878787878789, 0.8888888888888892, 0.8989898989898994, 0.9090909090909098, 0.9191919191919197, 0.92929292929293, 0.9393939393939387, 0.949494949494949, 0.9595959595959593, 0.9696969696969691, 0.9797979797979794, 0.9898989898989898, 1.0], "tpr": [0.0, 0.3000883812753734, 0.3706983123553158, 0.41954572798234807, 0.45700924577768065, 0.5002611910188319, 0.5323213137680378, 0.5616345470516024, 0.5834053353764551, 0.6047043976075853, 0.6185427405598523, 0.6325584795854232, 0.6494764381808347, 0.6622018424669456, 0.6778242982451639, 0.6983490983923739, 0.7107776706953511, 0.7240716053565857, 0.7340301385004947, 0.7441511543307069, 0.7572388296954657, 0.7652000649429413, 0.7760826026405565, 0.7831070845419411, 0.7922285465514642, 0.7975912470079211, 0.8036472013776984, 0.8112791854114729, 0.8193276354033031, 0.8265135057802036, 0.8313543815558074, 0.8359355462316201, 0.8412140512201003, 0.8490871390143835, 0.852531139507788, 0.855995398837627, 0.8617609352781097, 0.8654341323280943, 0.8693762642267483, 0.8733331350925134, 0.8768983209936865, 0.8796547373115574, 0.8851529502548207, 0.8909952630933475, 0.9036194336808125, 0.9080508658961657, 0.9101514266387936, 0.9130533237346343, 0.9167679884160829, 0.920232842868038, 0.925324016883916, 0.9280832699844371, 0.9311335293872055, 0.932657730381148, 0.9353887667757195, 0.9380385965029072, 0.941033514419335, 0.9449116402577153, 0.9461981769817172, 0.9476421265154104, 0.9506856979810403, 0.9522893357859047, 0.9537988927145539, 0.9572485540302463, 0.9585775838575499, 0.9604589824863465, 0.9619188538751471, 0.9635337138017734, 0.9646435554583024, 0.9659137396867169, 0.9671585880122021, 0.9687259509697542, 0.9723842108987002, 0.9733381347464759, 0.9746576563763256, 0.9759757682255975, 0.9773754724897572, 0.9784869954915758, 0.9798502581985824, 0.9808129222797756, 0.9815900017765888, 0.9824103704496077, 0.9829145015446886, 0.9839451952826416, 0.9850509550400692, 0.9867006062539353, 0.9881186192305367, 0.9890313486151595, 0.9900969668565205, 0.9916381686079812, 0.9925485460230533, 0.993534613055197, 0.9945921658682702, 0.9956548829419025, 0.9972910963026661, 0.9981849023001271, 0.9986755001286975, 0.9990429065596896, 0.9994407953782188, 1.0], "AUC": 0.8563998780868731, "train_errors": [0.19857142904639796, 0.2802967569488545, 0.32148265396312165, 0.3442507357206267, 0.3727424529959076, 0.3859086690806705, 0.3987452703218935, 0.4071802939751777, 0.4105523143260677, 0.4080905088972198, 0.4271221619946289, 0.4191699950306715, 0.42206945027096826, 0.4310823728745088, 0.43927230097854464, 0.4346726784964012, 0.4323898350680202, 0.4387542754994197, 0.4411909239192763, 0.4500366733233996, 0.44159614558780835, 0.4430899378536927, 0.4498470100405815, 0.455539687117803, 0.44759819940775664, 0.4534699023001018, 0.44989631194592894, 0.4556861738889038, 0.456357231826937, 0.4489638112100865, 0.45831441481649615, 0.45857912849871346, 0.45115971456289117, 0.4568714933684699, 0.4555947986500175, 0.45423673236373624, 0.4557923027470662, 0.4578541140072431, 0.46161023038218035, 0.46096824890464405, 0.46156610670894216, 0.4651117644547507, 0.4637864813517796, 0.4666862296216671, 0.46731036605556386, 0.45894148265824997, 0.46266780330275215, 0.4604421996468678, 0.464164134697853, 0.4599329765969666, 0.46894416578457077, 0.46851444768834993, 0.46227385384059627, 0.4669735801604128, 0.4728942105947844, 0.46472896660501445, 0.4627381346181358, 0.462640128969741, 0.4639476211772584, 0.46782576856060426, 0.4633956933661899, 0.46845034729166096, 0.4671812543475591, 0.4728776731146839, 0.47019740889667916, 0.47291039850315075, 0.46811987570401226, 0.4698136045218803, 0.46705370097958515, 0.4675543134220149, 0.46847098062266923, 0.4686982510180802, 0.47063708573531216, 0.4717119324358505, 0.4683514225357206, 0.472577607780741, 0.47017130851695055, 0.4713271936819956, 0.47649300487935925, 0.47681157065148544, 0.471644015084442, 0.47391624939273574, 0.4729357689860752, 0.47423616213332426, 0.47445470021208663, 0.477678684705078, 0.4775425068727406, 0.4711046969386234, 0.47379550642422574, 0.47001756038361825, 0.469993567820784, 0.4683549907361, 0.47511229662124727, 0.4711651280016342, 0.4713676602201891, 0.47455771417543735, 0.47253267682378053, 0.4743938536357876, 0.4745994093746617, 0.474984303258179],