{"AdaBoost [Base]": {"fpr": [0.0, 0.010101010101010105, 0.02020202020202021, 0.030303030303030283, 0.04040404040404042, 0.05050505050505055, 0.060606060606060566, 0.07070707070707076, 0.08080808080808084, 0.09090909090909087, 0.1010101010101011, 0.11111111111111115, 0.12121212121212113, 0.13131313131313138, 0.14141414141414152, 0.15151515151515146, 0.16161616161616169, 0.17171717171717188, 0.18181818181818174, 0.19191919191919202, 0.2020202020202022, 0.212121212121212, 0.2222222222222223, 0.2323232323232325, 0.24242424242424226, 0.25252525252525254, 0.26262626262626276, 0.27272727272727276, 0.28282828282828304, 0.29292929292929293, 0.3030303030303029, 0.31313131313131315, 0.32323232323232337, 0.3333333333333334, 0.34343434343434376, 0.3535353535353534, 0.3636363636363635, 0.37373737373737376, 0.38383838383838403, 0.39393939393939403, 0.4040404040404044, 0.4141414141414139, 0.424242424242424, 0.4343434343434343, 0.4444444444444446, 0.4545454545454549, 0.464646464646465, 0.4747474747474745, 0.48484848484848453, 0.4949494949494949, 0.5050505050505051, 0.5151515151515155, 0.5252525252525255, 0.5353535353535352, 0.5454545454545455, 0.5555555555555557, 0.5656565656565661, 0.5757575757575757, 0.5858585858585859, 0.5959595959595956, 0.6060606060606059, 0.616161616161616, 0.6262626262626263, 0.6363636363636366, 0.6464646464646467, 0.6565656565656571, 0.6666666666666669, 0.6767676767676771, 0.6868686868686875, 0.6969696969696966, 0.7070707070707068, 0.7171717171717171, 0.727272727272727, 0.7373737373737371, 0.7474747474747475, 0.7575757575757577, 0.7676767676767681, 0.7777777777777782, 0.7878787878787881, 0.7979797979797985, 0.8080808080808088, 0.8181818181818175, 0.8282828282828278, 0.8383838383838382, 0.848484848484848, 0.8585858585858583, 0.8686868686868686, 0.8787878787878789, 0.8888888888888892, 0.8989898989898994, 0.9090909090909098, 0.9191919191919197, 0.92929292929293, 0.9393939393939387, 0.949494949494949, 0.9595959595959593, 0.9696969696969691, 0.9797979797979794, 0.9898989898989898, 1.0], "tpr": [0.0, 0.38506814810101275, 0.45558544921984756, 0.4962369498499009, 0.5393565653267821, 0.5727866871837687, 0.5983946663147801, 0.6208252084751746, 0.6504220618074974, 0.668890449446029, 0.6856938901408888, 0.7057868320093786, 0.7201914654598448, 0.7319869401556617, 0.7435035552343888, 0.7527977447048791, 0.7623367388047634, 0.7713884253656051, 0.7828944817435596, 0.7926612636108641, 0.8000864713898026, 0.8067795230358072, 0.8140219952980717, 0.820103982848322, 0.8285508652023278, 0.8358425718938343, 0.8419572530062629, 0.8482100841100269, 0.8572969877381329, 0.8631485589758878, 0.8678560558908488, 0.8723985624824615, 0.8771485535652254, 0.88111986317148, 0.8848456270622381, 0.8891456088490677, 0.8919731443926525, 0.8961314629926609, 0.8997409860781345, 0.9053647225821355, 0.9115862757053986, 0.9148151336610058, 0.9184198840035228, 0.9223959352118001, 0.9259462998703928, 0.9276408235422876, 0.9307067370535383, 0.933990106056858, 0.9364564443406396, 0.9393880153260299, 0.9416662557280283, 0.9435324823327395, 0.9449109144027491, 0.9472321803752837, 0.9496013143349444, 0.9529255682076496, 0.9557422221162876, 0.956831645283328, 0.958843934879268, 0.9604926446382492, 0.9617198713429014, 0.9628901723784891, 0.9642484960884857, 0.9655821014738419, 0.9667334093965494, 0.9683303566278567, 0.9695011091789801, 0.9706764713940769, 0.9717799569195286, 0.9731690324533697, 0.9744619659097417, 0.9764096992576069, 0.9777448412618488, 0.9785242486489274, 0.9790946691596392, 0.9797729252804236, 0.9808745437020105, 0.9843241726252879, 0.9852851089117657, 0.9860394511167229, 0.9871143166428211, 0.9876958033491426, 0.9883463896558304, 0.988994142829807, 0.9895499313104035, 0.9899972790460476, 0.991121319105372, 0.9916494822874322, 0.9920426994249416, 0.9925671105275025, 0.9931165963726843, 0.9935734586900341, 0.9940582765312027, 0.9945304171064153, 0.9979625763321174, 0.9987072011339154, 0.998993968619214, 0.9993643885864822, 0.9997031922659725, 1.0], "AUC": 0.8825527917591902, "train_errors": [0.20340244903835805, 0.2843077306225242, 0.32830197126171384, 0.3453640132263006, 0.37654597188641264, 0.3809477728366031, 0.4008114936530724, 0.4044164131704562, 0.4111923602913705, 0.4096885455074445, 0.42332497963572235, 0.4225872437381285, 0.4243756200500507, 0.4360715150756503, 0.43420273664992143, 0.4248875904435221, 0.43363921692912166, 0.43151661103761274, 0.44733386239845063, 0.44821981692312596, 0.449822116855769, 0.4477672509925146, 0.4473356974635657, 0.45297749862662484, 0.44643700589696433, 0.4505289730230999, 0.45527322949078153, 0.4496495772563883, 0.46034844024064414, 0.4566361846827394, 0.4612470417409958, 0.45943734857347046, 0.4628331205404116, 0.4560438258289621, 0.46095534439092767, 0.4592433370928601, 0.4580778179784392, 0.46192527067679456, 0.4569080549006099, 0.46211032908819405, 0.46399645630187775, 0.46623278944501, 0.4600232611270703, 0.46707729206078286, 0.4651019542124913, 0.46598506866059664, 0.46645179365570866, 0.463255086908195, 0.46940304189689047, 0.46883991098339056, 0.4735367542809211, 0.4717874861264794, 0.4734918041698698, 0.46686629657682427, 0.4693139166756642, 0.46829998373125903, 0.467769089871223, 0.46879046849630973, 0.4680775797306116, 0.4676980062302892, 0.46886336336626, 0.47049110433550423, 0.47234102132362576, 0.4701791557645483, 0.4769963028668098, 0.47785895793222166, 0.4738338642268738, 0.47011243358533344, 0.4713646875420011, 0.47481449374464413, 0.47051449066650947, 0.4720855831010873, 0.4734636282114475, 0.47003113855337014, 0.4729958321012282, 0.47225789460371354, 0.4742606110842328, 0.4752759528867018, 0.47319758405933177, 0.4748042725918574, 0.47565634890419484, 0.47430629076859865, 0.4755094695975833, 0.4721721288597468, 0.4733666062374997, 0.4723651270453041, 0.46993472106058803, 0.47410406274327577, 0.47694252174916596, 0.47247188530256873, 0.47385163597883445, 0.47430795634252987, 0.4724703893036792, 0.47443645508773313, 0.4766307791849509, 0.4779627521424634, 0.47377833529053925, 0.47672576739070616, 0.47649559783130413, 0.47684207146494706],