{"AdaBoost [Perceptron]": {"fpr": [0.0, 0.010101010101010105, 0.02020202020202021, 0.030303030303030283, 0.04040404040404042, 0.05050505050505055, 0.060606060606060566, 0.07070707070707076, 0.08080808080808084, 0.09090909090909087, 0.1010101010101011, 0.11111111111111115, 0.12121212121212113, 0.13131313131313138, 0.14141414141414152, 0.15151515151515146, 0.16161616161616169, 0.17171717171717188, 0.18181818181818174, 0.19191919191919202, 0.2020202020202022, 0.212121212121212, 0.2222222222222223, 0.2323232323232325, 0.24242424242424226, 0.25252525252525254, 0.26262626262626276, 0.27272727272727276, 0.28282828282828304, 0.29292929292929293, 0.3030303030303029, 0.31313131313131315, 0.32323232323232337, 0.3333333333333334, 0.34343434343434376, 0.3535353535353534, 0.3636363636363635, 0.37373737373737376, 0.38383838383838403, 0.39393939393939403, 0.4040404040404044, 0.4141414141414139, 0.424242424242424, 0.4343434343434343, 0.4444444444444446, 0.4545454545454549, 0.464646464646465, 0.4747474747474745, 0.48484848484848453, 0.4949494949494949, 0.5050505050505051, 0.5151515151515155, 0.5252525252525255, 0.5353535353535352, 0.5454545454545455, 0.5555555555555557, 0.5656565656565661, 0.5757575757575757, 0.5858585858585859, 0.5959595959595956, 0.6060606060606059, 0.616161616161616, 0.6262626262626263, 0.6363636363636366, 0.6464646464646467, 0.6565656565656571, 0.6666666666666669, 0.6767676767676771, 0.6868686868686875, 0.6969696969696966, 0.7070707070707068, 0.7171717171717171, 0.727272727272727, 0.7373737373737371, 0.7474747474747475, 0.7575757575757577, 0.7676767676767681, 0.7777777777777782, 0.7878787878787881, 0.7979797979797985, 0.8080808080808088, 0.8181818181818175, 0.8282828282828278, 0.8383838383838382, 0.848484848484848, 0.8585858585858583, 0.8686868686868686, 0.8787878787878789, 0.8888888888888892, 0.8989898989898994, 0.9090909090909098, 0.9191919191919197, 0.92929292929293, 0.9393939393939387, 0.949494949494949, 0.9595959595959593, 0.9696969696969691, 0.9797979797979794, 0.9898989898989898, 1.0], "tpr": [0.0, 0.2246300016095192, 0.2712188273782355, 0.30511148060997917, 0.32537664485003265, 0.3450259333366342, 0.3706300194630521, 0.38904333162634, 0.40785046918714524, 0.42451093213651764, 0.4420002647637869, 0.45525411894353035, 0.470546369039729, 0.4865446259015268, 0.5020152421538087, 0.5152563193211687, 0.5288936344224405, 0.5492512298081385, 0.5609075448658511, 0.5731615651900777, 0.5856300996668674, 0.5977707979830144, 0.6135714704710061, 0.6227588366480531, 0.637033575738526, 0.6453281623313475, 0.6540365924783889, 0.6626782382459107, 0.6712112450883077, 0.6785217201310639, 0.6848327484653052, 0.6921493476910354, 0.6985351231263559, 0.7055145625347419, 0.7123059717337977, 0.7194807987805362, 0.7265957540903951, 0.7331894511011813, 0.7405826144622856, 0.7498527762054378, 0.7559675085616535, 0.7611978381478538, 0.7683599171259995, 0.774221620367736, 0.7813949860450101, 0.7874734770814202, 0.7926795015570254, 0.7979450823854092, 0.8036229389097977, 0.8091200665203443, 0.8145712305632624, 0.8198228047317224, 0.8244999003480802, 0.8295219332581184, 0.8342904169682972, 0.8386076613257194, 0.8427798311093074, 0.8471156122387015, 0.8520856020126123, 0.8573409746211047, 0.8614070038355012, 0.8654641751354262, 0.869327251412058, 0.8739954240552584, 0.8784378746764404, 0.8822596222505571, 0.8860396278014819, 0.8901455164519231, 0.8949091974326748, 0.899151486179621, 0.903025611004538, 0.9063666055414002, 0.9125057794500719, 0.915605174913609, 0.9187017008734192, 0.9222008719662309, 0.9256295629949833, 0.9315598596395893, 0.9349064322445504, 0.9388300701112492, 0.9418574063799126, 0.9448476549072349, 0.9477833491530835, 0.9509765992167241, 0.9538695673287485, 0.9568678611963932, 0.959917521423489, 0.9628732416699864, 0.9661971263816644, 0.9689873292207314, 0.9720828441509101, 0.9747637889278922, 0.9773644979510723, 0.9799002039195756, 0.9851916774518606, 0.9876975945759805, 0.9901365096603695, 0.9926239388751632, 0.9952959894070299, 1.0], "AUC": 0.7560558494537789, "train_errors": [0.25190830691757027, 0.4057171183519443, 0.3673582860748941, 0.432380805344885, 0.4469266031657343, 0.4587437242580534, 0.4442135396585338, 0.4351068274073336, 0.4609791013589969, 0.4725916217423143, 0.47846351875679405, 0.4661082563854117, 0.4592057194838959, 0.47184173049323236, 0.4710182911197144, 0.4775859128280358, 0.4761927394989656, 0.47655954910094245, 0.4808330733820779, 0.48202900341560867, 0.47505326387695906, 0.48174285253741284, 0.48904121030905817, 0.4834899825376548, 0.4994048781125128, 0.4913282895995285, 0.4843983250242787, 0.4833927165231527, 0.47766599326764625, 0.4892445810155057, 0.4964210955436124, 0.4854292843632849, 0.4971764628269635, 0.4898618353516345, 0.4904356636733368, 0.4905740436529221, 0.4960597335608902, 0.4970188184760701, 0.4975385390046402, 0.48851037093721267, 0.4911311254855722, 0.4957565984341545, 0.4949461988588194, 0.4985450693457198, 0.4898713425202596, 0.4919119140925434, 0.4888013177777735, 0.48852805747122, 0.49865888252887347, 0.49983583596047615, 0.49165435225728754, 0.4978918490063248, 0.500389665280732, 0.49784744794994396, 0.49294314904082387, 0.48834872243951905, 0.48979297768685665, 0.49784549256243327, 0.4972534045283832, 0.49513614468353695, 0.4931471830236229, 0.49781704776176605, 0.49274557581726036, 0.49660130192263074, 0.48532187936498206, 0.4931276648626433, 0.4953472070499836, 0.49905721443920376, 0.49784017261047175, 0.4989451501504846, 0.49798193920847283, 0.4968182862739139, 0.4956562385131723, 0.49428254481011585, 0.5000701529921022, 0.4906358598596077, 0.49400195433830046, 0.4956234557277277, 0.49597589165834793, 0.49622848241301787, 0.49802015670306216, 0.49644111049583245, 0.49705466261299436, 0.4946840164875494, 0.4972484368719377, 0.493571096017056, 0.4999448922903164, 0.5008562230543885, 0.4974921420274223, 0.4958028995117534, 0.4989129109481845, 0.49810247059865653, 0.49836857491622827, 0.4994339755753244, 0.493978112612457, 0.4986246565574388, 0.4948100199686655, 0.4999690432369828, 0.49588273620301077, 0.49929185251115854],